threshold,time_us,speedup,speedup_std,accuracy,rdo_ops
0.5,8.626666666666667,5.513333333333333,0.22454893057465714,15.34,0
0.6,17.51666666666667,4.196666666666666,1.9356365590908045,15.34,0
0.7,16.89,2.8400000000000003,0.14719601443879748,61.96,100
0.8,17.52333333333333,2.75,0.32751590292177674,61.96,100
0.9,39.82,1.1933333333333331,0.004714045207910321,85.28,275
0.95,43.583333333333336,1.1066666666666667,0.10338708279513881,95.09,345
1.0,38.473333333333336,1.24,0.1283225103661344,95.09,345
1.01,56.63666666666666,0.8433333333333334,0.07542472332656502,100.0,461
