threshold,time_us,speedup,accuracy,rdo_ops
0.5,23.916,4.6389,15.3374,0
0.6,23.291,4.76338,15.3374,0
0.7,45.747,2.42516,61.9632,100
0.8,44.919,2.46987,61.9632,100
0.9,95.5,1.16172,85.2761,275
0.95,142.245,0.77995,95.092,345
1,151.291,0.733315,95.092,345
1.01,156.627,0.708333,100,461
