threshold,time_us,speedup,accuracy,rdo_ops
0.5,25.958,4.49126,15.3374,0
0.6,25.166,4.6326,15.3374,0
0.7,49.668,2.34727,61.9632,100
0.8,62.245,1.87299,61.9632,100
0.9,100.5,1.16004,85.2761,275
0.95,108.291,1.07658,95.092,345
1,107.38,1.08571,95.092,345
